id,tenant_id,lead_id,user_id,type,date,duration,note,outcome,created_at,updated_at,customer_id,recording_url,transcript,sentiment,rapport_score,closing_score,ai_skills,projects_discussed,lead_name,lead_phone,agent_name,agent_phone,designation
"13242a6a-ac2c-4ce6-8a85-56fe54f67ae3","f6adcc05-114b-4053-9ee7-27cb8ace8cfa","095cac57-e5d9-4ace-9db8-ca15e284e57a","bdbca0df-3a39-444f-9e52-2487e046f021","Call","2026-04-12T05:24:17.016Z","142","Automated audit log for call interaction #69. Sentiment: Positive.","Interested","2026-04-12T13:35:56.114Z","2026-04-12T13:35:56.114Z","","","","","","","","","Vikram Grover","9911445566","Demo Administrator","","admin"
"542cbe60-d3ed-4d23-9532-21400a11d858","f6adcc05-114b-4053-9ee7-27cb8ace8cfa","8e3577f1-63ec-469d-ab8e-f703014b3229","bdbca0df-3a39-444f-9e52-2487e046f021","Call","2026-04-12T04:41:20.263Z","78","Automated audit log for call interaction #81. Sentiment: Positive.","Interested","2026-04-12T13:35:56.114Z","2026-04-12T13:35:56.114Z","","","","","","","","","Maya Singh","9811223344","Demo Administrator","","admin"
"7a015563-a00e-46c5-9ef8-a48aa6eba5d6","f6adcc05-114b-4053-9ee7-27cb8ace8cfa","5c7d5d58-0b47-4eaa-9532-4eb1db9f7ec4","bdbca0df-3a39-444f-9e52-2487e046f021","Call","2026-04-12T04:27:09.413Z","133","Automated audit log for call interaction #43. Sentiment: Positive.","Callback Scheduled","2026-04-12T13:35:56.114Z","2026-04-12T13:35:56.114Z","","","","","","","","","Neha Sharma","9711667788","Demo Administrator","","admin"
"ec6c19e7-2da3-4dd4-bcdf-f1ce7a746054","f6adcc05-114b-4053-9ee7-27cb8ace8cfa","5c7d5d58-0b47-4eaa-9532-4eb1db9f7ec4","bdbca0df-3a39-444f-9e52-2487e046f021","Call","2026-04-12T02:46:12.272Z","253","Automated audit log for call interaction #53. Sentiment: Negative.","Callback Scheduled","2026-04-12T13:35:56.114Z","2026-04-12T13:35:56.114Z","","","","","","","","","Neha Sharma","9711667788","Demo Administrator","","admin"
"b621d816-6f0c-4931-b5dd-99e7f1c45812","f6adcc05-114b-4053-9ee7-27cb8ace8cfa","2be4956f-14bc-4db0-bffb-6fc709af4b91","bdbca0df-3a39-444f-9e52-2487e046f021","Call","2026-04-12T00:12:17.824Z","138","Automated audit log for call interaction #72. Sentiment: Highly Positive.","Connected","2026-04-12T13:35:56.114Z","2026-04-12T13:35:56.114Z","","","","","","","","","Rajesh Khanna","9122334455","Demo Administrator","","admin"
"2953d4ee-6c15-42e5-a42f-7fbddde2764e","f6adcc05-114b-4053-9ee7-27cb8ace8cfa","095cac57-e5d9-4ace-9db8-ca15e284e57a","bdbca0df-3a39-444f-9e52-2487e046f021","Call","2026-04-11T23:13:00.119Z","134","Automated audit log for call interaction #9. Sentiment: Highly Positive.","Not Reachable","2026-04-12T13:35:56.114Z","2026-04-12T13:35:56.114Z","","","","","","","","","Vikram Grover","9911445566","Demo Administrator","","admin"
"b599c75f-31dd-45bf-970d-218fc03102ce","f6adcc05-114b-4053-9ee7-27cb8ace8cfa","2be4956f-14bc-4db0-bffb-6fc709af4b91","bdbca0df-3a39-444f-9e52-2487e046f021","Call","2026-04-11T23:01:10.521Z","302","Automated audit log for call interaction #47. Sentiment: Positive.","Connected","2026-04-12T13:35:56.114Z","2026-04-12T13:35:56.114Z","","","","","","","","","Rajesh Khanna","9122334455","Demo Administrator","","admin"
"561c5dbf-684e-40e2-bb76-250059f6d58d","f6adcc05-114b-4053-9ee7-27cb8ace8cfa","095cac57-e5d9-4ace-9db8-ca15e284e57a","bdbca0df-3a39-444f-9e52-2487e046f021","Call","2026-04-11T15:26:05.599Z","223","Automated audit log for call interaction #29. Sentiment: Negative.","Interested","2026-04-12T13:35:56.114Z","2026-04-12T13:35:56.114Z","","","","","","","","","Vikram Grover","9911445566","Demo Administrator","","admin"
"1c269ed6-1c2b-4df2-95ca-dd2ec2e64905","f6adcc05-114b-4053-9ee7-27cb8ace8cfa","095cac57-e5d9-4ace-9db8-ca15e284e57a","bdbca0df-3a39-444f-9e52-2487e046f021","Call","2026-04-11T12:57:02.886Z","225","Automated audit log for call interaction #19. Sentiment: Negative.","Interested","2026-04-12T13:35:56.114Z","2026-04-12T13:35:56.114Z","","","","","","","","","Vikram Grover","9911445566","Demo Administrator","","admin"
"b62bdaaf-aa49-4e75-8e3d-5ef73cc84aee","f6adcc05-114b-4053-9ee7-27cb8ace8cfa","8e3577f1-63ec-469d-ab8e-f703014b3229","bdbca0df-3a39-444f-9e52-2487e046f021","Call","2026-04-11T05:48:18.916Z","214","Automated audit log for call interaction #76. Sentiment: Negative.","Not Reachable","2026-04-12T13:35:56.114Z","2026-04-12T13:35:56.114Z","","","","","","","","","Maya Singh","9811223344","Demo Administrator","","admin"
"1db7ceb5-9cb6-44d8-8572-7e5903405288","f6adcc05-114b-4053-9ee7-27cb8ace8cfa","8e3577f1-63ec-469d-ab8e-f703014b3229","bdbca0df-3a39-444f-9e52-2487e046f021","Call","2026-04-11T04:31:02.055Z","238","Automated audit log for call interaction #16. Sentiment: Highly Positive.","Callback Scheduled","2026-04-12T13:35:56.114Z","2026-04-12T13:35:56.114Z","","","","","","","","","Maya Singh","9811223344","Demo Administrator","","admin"
"b3c02801-9243-4167-bce6-14f9b33f4579","f6adcc05-114b-4053-9ee7-27cb8ace8cfa","8f7183cf-30c8-4277-ae75-e416bc156632","bdbca0df-3a39-444f-9e52-2487e046f021","Call","2026-04-11T04:07:08.613Z","298","Automated audit log for call interaction #40. Sentiment: Highly Positive.","Interested","2026-04-12T13:35:56.114Z","2026-04-12T13:35:56.114Z","","","","","","","","","Sikandar Bharti","9988776655","Demo Administrator","","admin"
"86debe18-9157-4f0e-b595-62cd41d105d9","f6adcc05-114b-4053-9ee7-27cb8ace8cfa","2be4956f-14bc-4db0-bffb-6fc709af4b91","bdbca0df-3a39-444f-9e52-2487e046f021","Call","2026-04-11T01:58:20.523Z","71","Automated audit log for call interaction #82. Sentiment: Negative.","Callback Scheduled","2026-04-12T13:35:56.114Z","2026-04-12T13:35:56.114Z","","","","","","","","","Rajesh Khanna","9122334455","Demo Administrator","","admin"
"247936ba-7469-4138-8547-117533898edd","f6adcc05-114b-4053-9ee7-27cb8ace8cfa","8f7183cf-30c8-4277-ae75-e416bc156632","bdbca0df-3a39-444f-9e52-2487e046f021","Call","2026-04-10T22:50:00.389Z","224","Automated audit log for call interaction #10. Sentiment: Concerned.","Connected","2026-04-12T13:35:56.114Z","2026-04-12T13:35:56.114Z","","","","","","","","","Sikandar Bharti","9988776655","Demo Administrator","","admin"
"159c0123-bafd-4eba-b4a0-a3a4b3689efe","f6adcc05-114b-4053-9ee7-27cb8ace8cfa","8e3577f1-63ec-469d-ab8e-f703014b3229","bdbca0df-3a39-444f-9e52-2487e046f021","Call","2026-04-10T17:13:22.983Z","274","Automated audit log for call interaction #91. Sentiment: Neutral.","Busy","2026-04-12T13:35:56.114Z","2026-04-12T13:35:56.114Z","","","","","","","","","Maya Singh","9811223344","Demo Administrator","","admin"
"f359baa8-68e1-4a49-9832-d06f8004c057","f6adcc05-114b-4053-9ee7-27cb8ace8cfa","095cac57-e5d9-4ace-9db8-ca15e284e57a","bdbca0df-3a39-444f-9e52-2487e046f021","Call","2026-04-10T13:04:15.599Z","211","Automated audit log for call interaction #64. Sentiment: Concerned.","Busy","2026-04-12T13:35:56.114Z","2026-04-12T13:35:56.114Z","","","","","","","","","Vikram Grover","9911445566","Demo Administrator","","admin"
"4478d55a-84e6-4d87-abd3-97ebdded6159","f6adcc05-114b-4053-9ee7-27cb8ace8cfa","8f7183cf-30c8-4277-ae75-e416bc156632","bdbca0df-3a39-444f-9e52-2487e046f021","Call","2026-04-10T06:13:22.706Z","202","Automated audit log for call interaction #90. Sentiment: Negative.","Not Reachable","2026-04-12T13:35:56.114Z","2026-04-12T13:35:56.114Z","","","","","","","","","Sikandar Bharti","9988776655","Demo Administrator","","admin"
"9623127c-f197-450e-b2bf-288bea7639ee","f6adcc05-114b-4053-9ee7-27cb8ace8cfa","5c7d5d58-0b47-4eaa-9532-4eb1db9f7ec4","bdbca0df-3a39-444f-9e52-2487e046f021","Call","2026-04-10T03:47:08.073Z","80","Automated audit log for call interaction #38. Sentiment: Positive.","Not Reachable","2026-04-12T13:35:56.114Z","2026-04-12T13:35:56.114Z","","","","","","","","","Neha Sharma","9711667788","Demo Administrator","","admin"
"5ca96805-f29a-4b47-8019-28a6eb84247a","f6adcc05-114b-4053-9ee7-27cb8ace8cfa","8e3577f1-63ec-469d-ab8e-f703014b3229","bdbca0df-3a39-444f-9e52-2487e046f021","Call","2026-04-10T00:57:13.114Z","64","Automated audit log for call interaction #56. Sentiment: Highly Positive.","Busy","2026-04-12T13:35:56.114Z","2026-04-12T13:35:56.114Z","","","","","","","","","Maya Singh","9811223344","Demo Administrator","","admin"
"06538f7c-34c6-4272-9aac-fa9a8e01b405","f6adcc05-114b-4053-9ee7-27cb8ace8cfa","8e3577f1-63ec-469d-ab8e-f703014b3229","bdbca0df-3a39-444f-9e52-2487e046f021","Call","2026-04-10T00:21:16.155Z","202","Automated audit log for call interaction #66. Sentiment: Concerned.","Connected","2026-04-12T13:35:56.114Z","2026-04-12T13:35:56.114Z","","","","","","","","","Maya Singh","9811223344","Demo Administrator","","admin"
"b17b310b-e6ac-4151-a0fb-305ee7d59b8c","f6adcc05-114b-4053-9ee7-27cb8ace8cfa","8e3577f1-63ec-469d-ab8e-f703014b3229","bdbca0df-3a39-444f-9e52-2487e046f021","Call","2026-04-09T22:55:10.239Z","250","Automated audit log for call interaction #46. Sentiment: Positive.","Callback Scheduled","2026-04-12T13:35:56.114Z","2026-04-12T13:35:56.114Z","","","","","","","","","Maya Singh","9811223344","Demo Administrator","","admin"
"2b9a3b49-d09e-41ad-9ef8-824407a28921","f6adcc05-114b-4053-9ee7-27cb8ace8cfa","8e3577f1-63ec-469d-ab8e-f703014b3229","bdbca0df-3a39-444f-9e52-2487e046f021","Call","2026-04-09T22:36:00.657Z","188","Automated audit log for call interaction #11. Sentiment: Negative.","Interested","2026-04-12T13:35:56.114Z","2026-04-12T13:35:56.114Z","","","","","","","","","Maya Singh","9811223344","Demo Administrator","","admin"
"5c7b633b-2f6e-464f-b74c-add2e853caa7","f6adcc05-114b-4053-9ee7-27cb8ace8cfa","8f7183cf-30c8-4277-ae75-e416bc156632","bdbca0df-3a39-444f-9e52-2487e046f021","Call","2026-04-09T19:19:12.852Z","103","Automated audit log for call interaction #55. Sentiment: Highly Positive.","Busy","2026-04-12T13:35:56.114Z","2026-04-12T13:35:56.114Z","","","","","","","","","Sikandar Bharti","9988776655","Demo Administrator","","admin"
"da50874e-f547-4151-9c93-76a036c1df91","f6adcc05-114b-4053-9ee7-27cb8ace8cfa","5c7d5d58-0b47-4eaa-9532-4eb1db9f7ec4","bdbca0df-3a39-444f-9e52-2487e046f021","Call","2026-04-09T18:31:05.335Z","153","Automated audit log for call interaction #28. Sentiment: Highly Positive.","Callback Scheduled","2026-04-12T13:35:56.114Z","2026-04-12T13:35:56.114Z","","","","","","","","","Neha Sharma","9711667788","Demo Administrator","","admin"
"6ffb7846-e216-4767-900c-7825489df26f","f6adcc05-114b-4053-9ee7-27cb8ace8cfa","2be4956f-14bc-4db0-bffb-6fc709af4b91","bdbca0df-3a39-444f-9e52-2487e046f021","Call","2026-04-09T16:56:02.326Z","300","Automated audit log for call interaction #17. Sentiment: Highly Positive.","Not Reachable","2026-04-12T13:35:56.114Z","2026-04-12T13:35:56.114Z","","","","","","","","","Rajesh Khanna","9122334455","Demo Administrator","","admin"
"5ed2369a-5fae-4440-8c35-b64754d1f689","f6adcc05-114b-4053-9ee7-27cb8ace8cfa","5c7d5d58-0b47-4eaa-9532-4eb1db9f7ec4","bdbca0df-3a39-444f-9e52-2487e046f021","Call","2026-04-09T16:37:01.188Z","110","Automated audit log for call interaction #13. Sentiment: Highly Positive.","Callback Scheduled","2026-04-12T13:35:56.114Z","2026-04-12T13:35:56.114Z","","","","","","","","","Neha Sharma","9711667788","Demo Administrator","","admin"
"a1d79eb8-d1dd-42f7-9cc3-1ba342f8022e","f6adcc05-114b-4053-9ee7-27cb8ace8cfa","8e3577f1-63ec-469d-ab8e-f703014b3229","bdbca0df-3a39-444f-9e52-2487e046f021","Call","2026-04-09T14:41:21.613Z","286","Automated audit log for call interaction #86. Sentiment: Positive.","Interested","2026-04-12T13:35:56.114Z","2026-04-12T13:35:56.114Z","","","","","","","","","Maya Singh","9811223344","Demo Administrator","","admin"
"4351fca5-18a7-41ca-8ad0-633ac619b2cb","f6adcc05-114b-4053-9ee7-27cb8ace8cfa","2be4956f-14bc-4db0-bffb-6fc709af4b91","bdbca0df-3a39-444f-9e52-2487e046f021","Call","2026-04-09T13:19:21.883Z","100","Automated audit log for call interaction #87. Sentiment: Highly Positive.","Connected","2026-04-12T13:35:56.114Z","2026-04-12T13:35:56.114Z","","","","","","","","","Rajesh Khanna","9122334455","Demo Administrator","","admin"
"87de45dc-8f0d-41d1-81be-583a8fe07e3d","f6adcc05-114b-4053-9ee7-27cb8ace8cfa","095cac57-e5d9-4ace-9db8-ca15e284e57a","bdbca0df-3a39-444f-9e52-2487e046f021","Call","2026-04-09T11:28:06.939Z","62","Automated audit log for call interaction #34. Sentiment: Neutral.","Callback Scheduled","2026-04-12T13:35:56.114Z","2026-04-12T13:35:56.114Z","","","","","","","","","Vikram Grover","9911445566","Demo Administrator","","admin"
"36dd58e6-ac09-4ba1-9cfb-f637a257c62e","f6adcc05-114b-4053-9ee7-27cb8ace8cfa","5c7d5d58-0b47-4eaa-9532-4eb1db9f7ec4","bdbca0df-3a39-444f-9e52-2487e046f021","Call","2026-04-09T11:11:58.445Z","251","Automated audit log for call interaction #3. Sentiment: Negative.","Not Reachable","2026-04-12T13:35:56.114Z","2026-04-12T13:35:56.114Z","","","","","","","","","Neha Sharma","9711667788","Demo Administrator","","admin"
"50c20c3a-fed6-49c2-8a88-0a0478564e7c","f6adcc05-114b-4053-9ee7-27cb8ace8cfa","2be4956f-14bc-4db0-bffb-6fc709af4b91","bdbca0df-3a39-444f-9e52-2487e046f021","Call","2026-04-09T11:04:11.985Z","182","Automated audit log for call interaction #52. Sentiment: Neutral.","Connected","2026-04-12T13:35:56.114Z","2026-04-12T13:35:56.114Z","","","","","","","","","Rajesh Khanna","9122334455","Demo Administrator","","admin"
"843a801f-4c81-466d-a0db-d642978b7ec0","f6adcc05-114b-4053-9ee7-27cb8ace8cfa","8f7183cf-30c8-4277-ae75-e416bc156632","bdbca0df-3a39-444f-9e52-2487e046f021","Call","2026-04-09T09:38:07.219Z","36","Automated audit log for call interaction #35. Sentiment: Neutral.","Not Reachable","2026-04-12T13:35:56.114Z","2026-04-12T13:35:56.114Z","","","","","","","","","Sikandar Bharti","9988776655","Demo Administrator","","admin"
"81aac011-6c1e-4d5f-af01-fda356e98e8e","f6adcc05-114b-4053-9ee7-27cb8ace8cfa","095cac57-e5d9-4ace-9db8-ca15e284e57a","bdbca0df-3a39-444f-9e52-2487e046f021","Call","2026-04-09T06:29:14.089Z","80","Automated audit log for call interaction #59. Sentiment: Negative.","Not Reachable","2026-04-12T13:35:56.114Z","2026-04-12T13:35:56.114Z","","","","","","","","","Vikram Grover","9911445566","Demo Administrator","","admin"
"2b8f9ab4-4187-41aa-bd34-fc06eeab70aa","f6adcc05-114b-4053-9ee7-27cb8ace8cfa","095cac57-e5d9-4ace-9db8-ca15e284e57a","bdbca0df-3a39-444f-9e52-2487e046f021","Call","2026-04-09T05:57:04.214Z","163","Automated audit log for call interaction #24. Sentiment: Positive.","Interested","2026-04-12T13:35:56.114Z","2026-04-12T13:35:56.114Z","","","","","","","","","Vikram Grover","9911445566","Demo Administrator","","admin"
"978bbf3e-fc70-489e-bf92-93c7d1a90e91","f6adcc05-114b-4053-9ee7-27cb8ace8cfa","5c7d5d58-0b47-4eaa-9532-4eb1db9f7ec4","bdbca0df-3a39-444f-9e52-2487e046f021","Call","2026-04-08T23:29:02.603Z","155","Automated audit log for call interaction #18. Sentiment: Neutral.","Connected","2026-04-12T13:35:56.114Z","2026-04-12T13:35:56.114Z","","","","","","","","","Neha Sharma","9711667788","Demo Administrator","","admin"
"1439e79f-e06f-4847-98a8-97e55f8859bd","f6adcc05-114b-4053-9ee7-27cb8ace8cfa","2be4956f-14bc-4db0-bffb-6fc709af4b91","bdbca0df-3a39-444f-9e52-2487e046f021","Call","2026-04-08T20:49:23.251Z","70","Automated audit log for call interaction #92. Sentiment: Negative.","Callback Scheduled","2026-04-12T13:35:56.114Z","2026-04-12T13:35:56.114Z","","","","","","","","","Rajesh Khanna","9122334455","Demo Administrator","","admin"
"9ea72226-0c85-4253-883e-607906b0c5a1","f6adcc05-114b-4053-9ee7-27cb8ace8cfa","2be4956f-14bc-4db0-bffb-6fc709af4b91","bdbca0df-3a39-444f-9e52-2487e046f021","Call","2026-04-08T16:51:15.035Z","25","Automated audit log for call interaction #62. Sentiment: Negative.","Connected","2026-04-12T13:35:56.114Z","2026-04-12T13:35:56.114Z","","","","","","","","","Rajesh Khanna","9122334455","Demo Administrator","","admin"
"b8db0d49-1f43-43e2-9d99-6689d938591f","f6adcc05-114b-4053-9ee7-27cb8ace8cfa","5c7d5d58-0b47-4eaa-9532-4eb1db9f7ec4","bdbca0df-3a39-444f-9e52-2487e046f021","Call","2026-04-08T05:51:22.151Z","205","Automated audit log for call interaction #88. Sentiment: Neutral.","Connected","2026-04-12T13:35:56.114Z","2026-04-12T13:35:56.114Z","","","","","","","","","Neha Sharma","9711667788","Demo Administrator","","admin"
"96704b3c-8ceb-42af-be01-96d7d8ace463","f6adcc05-114b-4053-9ee7-27cb8ace8cfa","2be4956f-14bc-4db0-bffb-6fc709af4b91","bdbca0df-3a39-444f-9e52-2487e046f021","Call","2026-04-08T05:29:09.147Z","213","Automated audit log for call interaction #42. Sentiment: Positive.","Busy","2026-04-12T13:35:56.114Z","2026-04-12T13:35:56.114Z","","","","","","","","","Rajesh Khanna","9122334455","Demo Administrator","","admin"
"5f54c5f3-1523-40b7-b0c0-a86ee7d85ec3","f6adcc05-114b-4053-9ee7-27cb8ace8cfa","5c7d5d58-0b47-4eaa-9532-4eb1db9f7ec4","bdbca0df-3a39-444f-9e52-2487e046f021","Call","2026-04-08T00:09:15.325Z","303","Automated audit log for call interaction #63. Sentiment: Concerned.","Callback Scheduled","2026-04-12T13:35:56.114Z","2026-04-12T13:35:56.114Z","","","","","","","","","Neha Sharma","9711667788","Demo Administrator","","admin"
"8f9361f2-c4ee-49fa-bd20-f51f1a6e4cd5","f6adcc05-114b-4053-9ee7-27cb8ace8cfa","095cac57-e5d9-4ace-9db8-ca15e284e57a","bdbca0df-3a39-444f-9e52-2487e046f021","Call","2026-04-07T16:51:01.480Z","273","Automated audit log for call interaction #14. Sentiment: Concerned.","Callback Scheduled","2026-04-12T13:35:56.114Z","2026-04-12T13:35:56.114Z","","","","","","","","","Vikram Grover","9911445566","Demo Administrator","","admin"
"fdcf07a8-a84c-4fd0-b67f-f47b8bc8ddd2","f6adcc05-114b-4053-9ee7-27cb8ace8cfa","095cac57-e5d9-4ace-9db8-ca15e284e57a","bdbca0df-3a39-444f-9e52-2487e046f021","Call","2026-04-07T15:27:11.133Z","158","Automated audit log for call interaction #49. Sentiment: Neutral.","Callback Scheduled","2026-04-12T13:35:56.114Z","2026-04-12T13:35:56.114Z","","","","","","","","","Vikram Grover","9911445566","Demo Administrator","","admin"
"a1946003-78d8-4aeb-bc35-edc30d75f2ec","f6adcc05-114b-4053-9ee7-27cb8ace8cfa","8f7183cf-30c8-4277-ae75-e416bc156632","bdbca0df-3a39-444f-9e52-2487e046f021","Call","2026-04-07T09:54:57.640Z","146","Automated audit log for call interaction #0. Sentiment: Highly Positive.","Busy","2026-04-12T13:35:56.114Z","2026-04-12T13:35:56.114Z","","","","","","","","","Sikandar Bharti","9988776655","Demo Administrator","","admin"
"29eca370-1d7c-4944-bb6c-63b161c502a7","f6adcc05-114b-4053-9ee7-27cb8ace8cfa","5c7d5d58-0b47-4eaa-9532-4eb1db9f7ec4","bdbca0df-3a39-444f-9e52-2487e046f021","Call","2026-04-07T08:59:19.435Z","48","Automated audit log for call interaction #78. Sentiment: Concerned.","Connected","2026-04-12T13:35:56.114Z","2026-04-12T13:35:56.114Z","","","","","","","","","Neha Sharma","9711667788","Demo Administrator","","admin"
"2e468d60-5d9c-4564-ba83-aaadbc118799","f6adcc05-114b-4053-9ee7-27cb8ace8cfa","2be4956f-14bc-4db0-bffb-6fc709af4b91","bdbca0df-3a39-444f-9e52-2487e046f021","Call","2026-04-07T06:14:07.781Z","31","Automated audit log for call interaction #37. Sentiment: Negative.","Connected","2026-04-12T13:35:56.114Z","2026-04-12T13:35:56.114Z","","","","","","","","","Rajesh Khanna","9122334455","Demo Administrator","","admin"
"3c461336-58ab-4c60-9766-faf264b5e36e","f6adcc05-114b-4053-9ee7-27cb8ace8cfa","2be4956f-14bc-4db0-bffb-6fc709af4b91","bdbca0df-3a39-444f-9e52-2487e046f021","Call","2026-04-07T04:04:58.172Z","129","Automated audit log for call interaction #2. Sentiment: Neutral.","Connected","2026-04-12T13:35:56.114Z","2026-04-12T13:35:56.114Z","","","","","","","","","Rajesh Khanna","9122334455","Demo Administrator","","admin"
"79048440-f269-49fa-a1a7-c9c269ee6298","f6adcc05-114b-4053-9ee7-27cb8ace8cfa","8e3577f1-63ec-469d-ab8e-f703014b3229","bdbca0df-3a39-444f-9e52-2487e046f021","Call","2026-04-07T02:48:24.389Z","211","Automated audit log for call interaction #96. Sentiment: Negative.","Not Reachable","2026-04-12T13:35:56.114Z","2026-04-12T13:35:56.114Z","","","","","","","","","Maya Singh","9811223344","Demo Administrator","","admin"
"e061872e-dc72-4847-bd66-89b73080c4c2","f6adcc05-114b-4053-9ee7-27cb8ace8cfa","2be4956f-14bc-4db0-bffb-6fc709af4b91","bdbca0df-3a39-444f-9e52-2487e046f021","Call","2026-04-06T15:59:05.073Z","255","Automated audit log for call interaction #27. Sentiment: Concerned.","Busy","2026-04-12T13:35:56.114Z","2026-04-12T13:35:56.114Z","","","","","","","","","Rajesh Khanna","9122334455","Demo Administrator","","admin"
"d9ededfe-5fd2-4ad8-be1c-7682685fe5e9","f6adcc05-114b-4053-9ee7-27cb8ace8cfa","8e3577f1-63ec-469d-ab8e-f703014b3229","bdbca0df-3a39-444f-9e52-2487e046f021","Call","2026-04-06T09:02:03.422Z","82","Automated audit log for call interaction #21. Sentiment: Highly Positive.","Connected","2026-04-12T13:35:56.114Z","2026-04-12T13:35:56.114Z","","","","","","","","","Maya Singh","9811223344","Demo Administrator","","admin"
"20ccb518-9288-4ad9-8958-2f401f5ae06c","f6adcc05-114b-4053-9ee7-27cb8ace8cfa","5c7d5d58-0b47-4eaa-9532-4eb1db9f7ec4","bdbca0df-3a39-444f-9e52-2487e046f021","Call","2026-04-06T05:03:25.338Z","312","Automated audit log for call interaction #98. Sentiment: Highly Positive.","Not Reachable","2026-04-12T13:35:56.114Z","2026-04-12T13:35:56.114Z","","","","","","","","","Neha Sharma","9711667788","Demo Administrator","","admin"
"6e28b32f-67ec-4a90-9262-b9a7fcd71b63","f6adcc05-114b-4053-9ee7-27cb8ace8cfa","8f7183cf-30c8-4277-ae75-e416bc156632","bdbca0df-3a39-444f-9e52-2487e046f021","Call","2026-04-06T04:33:59.043Z","300","Automated audit log for call interaction #5. Sentiment: Negative.","Connected","2026-04-12T13:35:56.114Z","2026-04-12T13:35:56.114Z","","","","","","","","","Sikandar Bharti","9988776655","Demo Administrator","","admin"
"3653b947-cb72-48e4-9270-aba5dc9f9d96","f6adcc05-114b-4053-9ee7-27cb8ace8cfa","8e3577f1-63ec-469d-ab8e-f703014b3229","bdbca0df-3a39-444f-9e52-2487e046f021","Call","2026-04-06T02:41:17.553Z","279","Automated audit log for call interaction #71. Sentiment: Highly Positive.","Busy","2026-04-12T13:35:56.114Z","2026-04-12T13:35:56.114Z","","","","","","","","","Maya Singh","9811223344","Demo Administrator","","admin"
"2c4dd2e1-a482-459b-b6c2-1157bbe9f7dc","f6adcc05-114b-4053-9ee7-27cb8ace8cfa","8f7183cf-30c8-4277-ae75-e416bc156632","bdbca0df-3a39-444f-9e52-2487e046f021","Call","2026-04-05T18:03:04.480Z","196","Automated audit log for call interaction #25. Sentiment: Negative.","Not Reachable","2026-04-12T13:35:56.114Z","2026-04-12T13:35:56.114Z","","","","","","","","","Sikandar Bharti","9988776655","Demo Administrator","","admin"
"2442a586-1c96-4215-a47d-88399ebe6722","f6adcc05-114b-4053-9ee7-27cb8ace8cfa","8f7183cf-30c8-4277-ae75-e416bc156632","bdbca0df-3a39-444f-9e52-2487e046f021","Call","2026-04-05T17:33:21.345Z","55","Automated audit log for call interaction #85. Sentiment: Positive.","Busy","2026-04-12T13:35:56.114Z","2026-04-12T13:35:56.114Z","","","","","","","","","Sikandar Bharti","9988776655","Demo Administrator","","admin"
"127ac61d-dbf5-441d-a12d-e0c834c5d32d","f6adcc05-114b-4053-9ee7-27cb8ace8cfa","8e3577f1-63ec-469d-ab8e-f703014b3229","bdbca0df-3a39-444f-9e52-2487e046f021","Call","2026-04-05T17:19:06.149Z","114","Automated audit log for call interaction #31. Sentiment: Negative.","Busy","2026-04-12T13:35:56.114Z","2026-04-12T13:35:56.114Z","","","","","","","","","Maya Singh","9811223344","Demo Administrator","","admin"
"eaf28075-36ba-44c0-a288-f5b60262cf93","f6adcc05-114b-4053-9ee7-27cb8ace8cfa","2be4956f-14bc-4db0-bffb-6fc709af4b91","bdbca0df-3a39-444f-9e52-2487e046f021","Call","2026-04-05T12:24:19.177Z","107","Automated audit log for call interaction #77. Sentiment: Concerned.","Callback Scheduled","2026-04-12T13:35:56.114Z","2026-04-12T13:35:56.114Z","","","","","","","","","Rajesh Khanna","9122334455","Demo Administrator","","admin"
"65ed90ca-4500-403a-bad5-6aa346ed5bd3","f6adcc05-114b-4053-9ee7-27cb8ace8cfa","5c7d5d58-0b47-4eaa-9532-4eb1db9f7ec4","bdbca0df-3a39-444f-9e52-2487e046f021","Call","2026-04-05T10:43:16.692Z","288","Automated audit log for call interaction #68. Sentiment: Highly Positive.","Callback Scheduled","2026-04-12T13:35:56.114Z","2026-04-12T13:35:56.114Z","","","","","","","","","Neha Sharma","9711667788","Demo Administrator","","admin"
"e309b3b1-2c92-4b05-b386-7ac364e1558e","f6adcc05-114b-4053-9ee7-27cb8ace8cfa","8f7183cf-30c8-4277-ae75-e416bc156632","bdbca0df-3a39-444f-9e52-2487e046f021","Call","2026-04-05T10:26:14.391Z","127","Automated audit log for call interaction #60. Sentiment: Highly Positive.","Connected","2026-04-12T13:35:56.114Z","2026-04-12T13:35:56.114Z","","","","","","","","","Sikandar Bharti","9988776655","Demo Administrator","","admin"
"d70e16f1-8776-4d60-b708-0674a34fa69d","f6adcc05-114b-4053-9ee7-27cb8ace8cfa","2be4956f-14bc-4db0-bffb-6fc709af4b91","bdbca0df-3a39-444f-9e52-2487e046f021","Call","2026-04-05T03:33:13.431Z","267","Automated audit log for call interaction #57. Sentiment: Highly Positive.","Callback Scheduled","2026-04-12T13:35:56.114Z","2026-04-12T13:35:56.114Z","","","","","","","","","Rajesh Khanna","9122334455","Demo Administrator","","admin"
"0b7fd25f-534b-4d00-937f-53187ea5ebe4","f6adcc05-114b-4053-9ee7-27cb8ace8cfa","8f7183cf-30c8-4277-ae75-e416bc156632","bdbca0df-3a39-444f-9e52-2487e046f021","Call","2026-04-04T17:46:18.659Z","84","Automated audit log for call interaction #75. Sentiment: Concerned.","Interested","2026-04-12T13:35:56.114Z","2026-04-12T13:35:56.114Z","","","","","","","","","Sikandar Bharti","9988776655","Demo Administrator","","admin"
"3bbeb3de-244b-4d45-a7fa-e5621e40e708","f6adcc05-114b-4053-9ee7-27cb8ace8cfa","5c7d5d58-0b47-4eaa-9532-4eb1db9f7ec4","bdbca0df-3a39-444f-9e52-2487e046f021","Call","2026-04-04T15:03:18.109Z","288","Automated audit log for call interaction #73. Sentiment: Negative.","Not Reachable","2026-04-12T13:35:56.114Z","2026-04-12T13:35:56.114Z","","","","","","","","","Neha Sharma","9711667788","Demo Administrator","","admin"
"06396848-6ef3-4200-8c71-67e7be35b6f5","f6adcc05-114b-4053-9ee7-27cb8ace8cfa","8e3577f1-63ec-469d-ab8e-f703014b3229","bdbca0df-3a39-444f-9e52-2487e046f021","Call","2026-04-04T14:53:57.906Z","131","Automated audit log for call interaction #1. Sentiment: Concerned.","Interested","2026-04-12T13:35:56.114Z","2026-04-12T13:35:56.114Z","","","","","","","","","Maya Singh","9811223344","Demo Administrator","","admin"
"94bb9592-b763-46f0-bf00-64c3ef1613c7","f6adcc05-114b-4053-9ee7-27cb8ace8cfa","8f7183cf-30c8-4277-ae75-e416bc156632","bdbca0df-3a39-444f-9e52-2487e046f021","Call","2026-04-04T08:52:09.940Z","217","Automated audit log for call interaction #45. Sentiment: Highly Positive.","Interested","2026-04-12T13:35:56.114Z","2026-04-12T13:35:56.114Z","","","","","","","","","Sikandar Bharti","9988776655","Demo Administrator","","admin"
"138a466f-afee-45be-9b0c-ab857b8b46da","f6adcc05-114b-4053-9ee7-27cb8ace8cfa","095cac57-e5d9-4ace-9db8-ca15e284e57a","bdbca0df-3a39-444f-9e52-2487e046f021","Call","2026-04-04T03:53:08.350Z","27","Automated audit log for call interaction #39. Sentiment: Highly Positive.","Interested","2026-04-12T13:35:56.114Z","2026-04-12T13:35:56.114Z","","","","","","","","","Vikram Grover","9911445566","Demo Administrator","","admin"
"b46f0292-5d8a-444a-b6f4-17a31eb6a5c4","f6adcc05-114b-4053-9ee7-27cb8ace8cfa","8f7183cf-30c8-4277-ae75-e416bc156632","bdbca0df-3a39-444f-9e52-2487e046f021","Call","2026-04-04T03:37:24.110Z","307","Automated audit log for call interaction #95. Sentiment: Negative.","Callback Scheduled","2026-04-12T13:35:56.114Z","2026-04-12T13:35:56.114Z","","","","","","","","","Sikandar Bharti","9988776655","Demo Administrator","","admin"
"498dc8df-a76e-49c9-993e-0a0bc24e2755","f6adcc05-114b-4053-9ee7-27cb8ace8cfa","8f7183cf-30c8-4277-ae75-e416bc156632","bdbca0df-3a39-444f-9e52-2487e046f021","Call","2026-04-04T03:12:17.283Z","188","Automated audit log for call interaction #70. Sentiment: Highly Positive.","Connected","2026-04-12T13:35:56.114Z","2026-04-12T13:35:56.114Z","","","","","","","","","Sikandar Bharti","9988776655","Demo Administrator","","admin"
"17913c62-d7b5-4fc9-a303-b18d7157d92a","f6adcc05-114b-4053-9ee7-27cb8ace8cfa","095cac57-e5d9-4ace-9db8-ca15e284e57a","bdbca0df-3a39-444f-9e52-2487e046f021","Call","2026-04-04T00:49:25.632Z","65","Automated audit log for call interaction #99. Sentiment: Negative.","Not Reachable","2026-04-12T13:35:56.114Z","2026-04-12T13:35:56.114Z","","","","","","","","","Vikram Grover","9911445566","Demo Administrator","","admin"
"32a0ebbc-2a28-4b20-96c8-ba2aaab93d4d","f6adcc05-114b-4053-9ee7-27cb8ace8cfa","8e3577f1-63ec-469d-ab8e-f703014b3229","bdbca0df-3a39-444f-9e52-2487e046f021","Call","2026-04-04T00:29:59.315Z","112","Automated audit log for call interaction #6. Sentiment: Neutral.","Callback Scheduled","2026-04-12T13:35:56.114Z","2026-04-12T13:35:56.114Z","","","","","","","","","Maya Singh","9811223344","Demo Administrator","","admin"
"bd40a889-c590-4724-b4eb-df055c710db0","f6adcc05-114b-4053-9ee7-27cb8ace8cfa","095cac57-e5d9-4ace-9db8-ca15e284e57a","bdbca0df-3a39-444f-9e52-2487e046f021","Call","2026-04-03T18:05:23.819Z","38","Automated audit log for call interaction #94. Sentiment: Positive.","Interested","2026-04-12T13:35:56.114Z","2026-04-12T13:35:56.114Z","","","","","","","","","Vikram Grover","9911445566","Demo Administrator","","admin"
"d6bf8ff1-dbd1-4d89-9632-0c44d15b7aaf","f6adcc05-114b-4053-9ee7-27cb8ace8cfa","8f7183cf-30c8-4277-ae75-e416bc156632","bdbca0df-3a39-444f-9e52-2487e046f021","Call","2026-04-03T01:25:11.428Z","121","Automated audit log for call interaction #50. Sentiment: Concerned.","Not Reachable","2026-04-12T13:35:56.114Z","2026-04-12T13:35:56.114Z","","","","","","","","","Sikandar Bharti","9988776655","Demo Administrator","","admin"
"ecb2ab14-bbb9-498e-9494-71d97a516811","f6adcc05-114b-4053-9ee7-27cb8ace8cfa","095cac57-e5d9-4ace-9db8-ca15e284e57a","bdbca0df-3a39-444f-9e52-2487e046f021","Call","2026-04-02T23:57:22.414Z","211","Automated audit log for call interaction #89. Sentiment: Negative.","Connected","2026-04-12T13:35:56.114Z","2026-04-12T13:35:56.114Z","","","","","","","","","Vikram Grover","9911445566","Demo Administrator","","admin"
"4e9bb632-10b1-4c4e-b681-b1ac10d61952","f6adcc05-114b-4053-9ee7-27cb8ace8cfa","095cac57-e5d9-4ace-9db8-ca15e284e57a","bdbca0df-3a39-444f-9e52-2487e046f021","Call","2026-04-02T15:25:09.680Z","35","Automated audit log for call interaction #44. Sentiment: Concerned.","Busy","2026-04-12T13:35:56.114Z","2026-04-12T13:35:56.114Z","","","","","","","","","Vikram Grover","9911445566","Demo Administrator","","admin"
"0f3f54ad-56c4-4348-8ae3-417d8c444fc7","f6adcc05-114b-4053-9ee7-27cb8ace8cfa","5c7d5d58-0b47-4eaa-9532-4eb1db9f7ec4","bdbca0df-3a39-444f-9e52-2487e046f021","Call","2026-04-02T12:19:13.813Z","220","Automated audit log for call interaction #58. Sentiment: Negative.","Busy","2026-04-12T13:35:56.114Z","2026-04-12T13:35:56.114Z","","","","","","","","","Neha Sharma","9711667788","Demo Administrator","","admin"
"4405779d-e692-4d42-acc9-9cb9a09c36dd","f6adcc05-114b-4053-9ee7-27cb8ace8cfa","8f7183cf-30c8-4277-ae75-e416bc156632","bdbca0df-3a39-444f-9e52-2487e046f021","Call","2026-04-02T08:52:15.877Z","82","Automated audit log for call interaction #65. Sentiment: Neutral.","Not Reachable","2026-04-12T13:35:56.114Z","2026-04-12T13:35:56.114Z","","","","","","","","","Sikandar Bharti","9988776655","Demo Administrator","","admin"
"f22e81a5-c5d2-49d5-990c-71f2562adc21","f6adcc05-114b-4053-9ee7-27cb8ace8cfa","2be4956f-14bc-4db0-bffb-6fc709af4b91","bdbca0df-3a39-444f-9e52-2487e046f021","Call","2026-04-02T04:15:00.919Z","280","Automated audit log for call interaction #12. Sentiment: Concerned.","Busy","2026-04-12T13:35:56.114Z","2026-04-12T13:35:56.114Z","","","","","","","","","Rajesh Khanna","9122334455","Demo Administrator","","admin"
"8840d2d6-d166-4f85-a58d-3dd249b8e717","f6adcc05-114b-4053-9ee7-27cb8ace8cfa","095cac57-e5d9-4ace-9db8-ca15e284e57a","bdbca0df-3a39-444f-9e52-2487e046f021","Call","2026-04-02T01:42:19.706Z","266","Automated audit log for call interaction #79. Sentiment: Neutral.","Callback Scheduled","2026-04-12T13:35:56.114Z","2026-04-12T13:35:56.114Z","","","","","","","","","Vikram Grover","9911445566","Demo Administrator","","admin"
"1a225e1d-61f2-4d75-be56-1cbbfeacc4f5","f6adcc05-114b-4053-9ee7-27cb8ace8cfa","8f7183cf-30c8-4277-ae75-e416bc156632","bdbca0df-3a39-444f-9e52-2487e046f021","Call","2026-04-01T21:31:01.790Z","140","Automated audit log for call interaction #15. Sentiment: Highly Positive.","Connected","2026-04-12T13:35:56.114Z","2026-04-12T13:35:56.114Z","","","","","","","","","Sikandar Bharti","9988776655","Demo Administrator","","admin"
"c1cca273-8195-4582-b300-0906cb719503","f6adcc05-114b-4053-9ee7-27cb8ace8cfa","5c7d5d58-0b47-4eaa-9532-4eb1db9f7ec4","bdbca0df-3a39-444f-9e52-2487e046f021","Call","2026-04-01T19:48:59.857Z","235","Automated audit log for call interaction #8. Sentiment: Neutral.","Busy","2026-04-12T13:35:56.114Z","2026-04-12T13:35:56.114Z","","","","","","","","","Neha Sharma","9711667788","Demo Administrator","","admin"
"c1233f28-6c1e-44b4-b9d1-0280000d25cc","f6adcc05-114b-4053-9ee7-27cb8ace8cfa","5c7d5d58-0b47-4eaa-9532-4eb1db9f7ec4","bdbca0df-3a39-444f-9e52-2487e046f021","Call","2026-04-01T16:14:20.789Z","204","Automated audit log for call interaction #83. Sentiment: Negative.","Not Reachable","2026-04-12T13:35:56.114Z","2026-04-12T13:35:56.114Z","","","","","","","","","Neha Sharma","9711667788","Demo Administrator","","admin"
"d1828fd1-67ef-4fae-965b-0af7f16b8ae5","f6adcc05-114b-4053-9ee7-27cb8ace8cfa","8f7183cf-30c8-4277-ae75-e416bc156632","bdbca0df-3a39-444f-9e52-2487e046f021","Call","2026-04-01T15:23:05.871Z","304","Automated audit log for call interaction #30. Sentiment: Concerned.","Busy","2026-04-12T13:35:56.114Z","2026-04-12T13:35:56.114Z","","","","","","","","","Sikandar Bharti","9988776655","Demo Administrator","","admin"
"0db0d4ad-8ab1-4dd2-ad06-32a6de437508","f6adcc05-114b-4053-9ee7-27cb8ace8cfa","095cac57-e5d9-4ace-9db8-ca15e284e57a","bdbca0df-3a39-444f-9e52-2487e046f021","Call","2026-04-01T14:10:58.721Z","260","Automated audit log for call interaction #4. Sentiment: Neutral.","Interested","2026-04-12T13:35:56.114Z","2026-04-12T13:35:56.114Z","","","","","","","","","Vikram Grover","9911445566","Demo Administrator","","admin"
"30dcc797-a79c-43bd-869d-e8ad90eab761","f6adcc05-114b-4053-9ee7-27cb8ace8cfa","2be4956f-14bc-4db0-bffb-6fc709af4b91","bdbca0df-3a39-444f-9e52-2487e046f021","Call","2026-04-01T05:26:24.674Z","194","Automated audit log for call interaction #97. Sentiment: Positive.","Callback Scheduled","2026-04-12T13:35:56.114Z","2026-04-12T13:35:56.114Z","","","","","","","","","Rajesh Khanna","9122334455","Demo Administrator","","admin"
"0bc0ea9e-d600-4c5a-aa90-99388ff8dd4a","f6adcc05-114b-4053-9ee7-27cb8ace8cfa","8e3577f1-63ec-469d-ab8e-f703014b3229","bdbca0df-3a39-444f-9e52-2487e046f021","Call","2026-04-01T01:17:07.500Z","195","Automated audit log for call interaction #36. Sentiment: Concerned.","Busy","2026-04-12T13:35:56.114Z","2026-04-12T13:35:56.114Z","","","","","","","","","Maya Singh","9811223344","Demo Administrator","","admin"
"058ad481-1a4a-4f06-81a2-615d15b44d00","f6adcc05-114b-4053-9ee7-27cb8ace8cfa","8e3577f1-63ec-469d-ab8e-f703014b3229","bdbca0df-3a39-444f-9e52-2487e046f021","Call","2026-04-01T00:16:11.712Z","202","Automated audit log for call interaction #51. Sentiment: Concerned.","Callback Scheduled","2026-04-12T13:35:56.114Z","2026-04-12T13:35:56.114Z","","","","","","","","","Maya Singh","9811223344","Demo Administrator","","admin"
"f42329c9-19f2-4521-bd41-9abe205f6a29","f6adcc05-114b-4053-9ee7-27cb8ace8cfa","2be4956f-14bc-4db0-bffb-6fc709af4b91","bdbca0df-3a39-444f-9e52-2487e046f021","Call","2026-03-31T19:43:16.415Z","21","Automated audit log for call interaction #67. Sentiment: Highly Positive.","Callback Scheduled","2026-04-12T13:35:56.114Z","2026-04-12T13:35:56.114Z","","","","","","","","","Rajesh Khanna","9122334455","Demo Administrator","","admin"
"33eda7aa-d85f-4363-ba51-1de602615769","f6adcc05-114b-4053-9ee7-27cb8ace8cfa","5c7d5d58-0b47-4eaa-9532-4eb1db9f7ec4","bdbca0df-3a39-444f-9e52-2487e046f021","Call","2026-03-31T18:34:06.683Z","300","Automated audit log for call interaction #33. Sentiment: Positive.","Not Reachable","2026-04-12T13:35:56.114Z","2026-04-12T13:35:56.114Z","","","","","","","","","Neha Sharma","9711667788","Demo Administrator","","admin"
"1e69e1c9-024a-4e74-a802-44f4dccb349f","f6adcc05-114b-4053-9ee7-27cb8ace8cfa","8e3577f1-63ec-469d-ab8e-f703014b3229","bdbca0df-3a39-444f-9e52-2487e046f021","Call","2026-03-31T13:52:08.875Z","262","Automated audit log for call interaction #41. Sentiment: Concerned.","Callback Scheduled","2026-04-12T13:35:56.114Z","2026-04-12T13:35:56.114Z","","","","","","","","","Maya Singh","9811223344","Demo Administrator","","admin"
"22bf928c-9506-4494-9e83-acc57bd79cc4","f6adcc05-114b-4053-9ee7-27cb8ace8cfa","5c7d5d58-0b47-4eaa-9532-4eb1db9f7ec4","bdbca0df-3a39-444f-9e52-2487e046f021","Call","2026-03-31T13:00:03.949Z","131","Automated audit log for call interaction #23. Sentiment: Neutral.","Callback Scheduled","2026-04-12T13:35:56.114Z","2026-04-12T13:35:56.114Z","","","","","","","","","Neha Sharma","9711667788","Demo Administrator","","admin"
"c96c634b-1fef-4cf4-86c4-a02cdb017c22","f6adcc05-114b-4053-9ee7-27cb8ace8cfa","8e3577f1-63ec-469d-ab8e-f703014b3229","bdbca0df-3a39-444f-9e52-2487e046f021","Call","2026-03-31T06:31:14.732Z","88","Automated audit log for call interaction #61. Sentiment: Concerned.","Connected","2026-04-12T13:35:56.114Z","2026-04-12T13:35:56.114Z","","","","","","","","","Maya Singh","9811223344","Demo Administrator","","admin"
"17e92767-f94b-4706-9974-ad448e4ce827","f6adcc05-114b-4053-9ee7-27cb8ace8cfa","5c7d5d58-0b47-4eaa-9532-4eb1db9f7ec4","bdbca0df-3a39-444f-9e52-2487e046f021","Call","2026-03-30T17:21:23.518Z","247","Automated audit log for call interaction #93. Sentiment: Concerned.","Busy","2026-04-12T13:35:56.114Z","2026-04-12T13:35:56.114Z","","","","","","","","","Neha Sharma","9711667788","Demo Administrator","","admin"
"12acf9aa-590f-4982-93f2-b6f663a01ca7","f6adcc05-114b-4053-9ee7-27cb8ace8cfa","5c7d5d58-0b47-4eaa-9532-4eb1db9f7ec4","bdbca0df-3a39-444f-9e52-2487e046f021","Call","2026-03-30T17:02:10.844Z","282","Automated audit log for call interaction #48. Sentiment: Highly Positive.","Not Reachable","2026-04-12T13:35:56.114Z","2026-04-12T13:35:56.114Z","","","","","","","","","Neha Sharma","9711667788","Demo Administrator","","admin"
"eb2e5810-4a7a-48c0-874e-240f69618abd","f6adcc05-114b-4053-9ee7-27cb8ace8cfa","095cac57-e5d9-4ace-9db8-ca15e284e57a","bdbca0df-3a39-444f-9e52-2487e046f021","Call","2026-03-30T16:24:21.064Z","17","Automated audit log for call interaction #84. Sentiment: Neutral.","Callback Scheduled","2026-04-12T13:35:56.114Z","2026-04-12T13:35:56.114Z","","","","","","","","","Vikram Grover","9911445566","Demo Administrator","","admin"
"408dabd4-2624-405f-b50f-dfd48b20e94c","f6adcc05-114b-4053-9ee7-27cb8ace8cfa","2be4956f-14bc-4db0-bffb-6fc709af4b91","bdbca0df-3a39-444f-9e52-2487e046f021","Call","2026-03-30T14:22:59.590Z","261","Automated audit log for call interaction #7. Sentiment: Highly Positive.","Callback Scheduled","2026-04-12T13:35:56.114Z","2026-04-12T13:35:56.114Z","","","","","","","","","Rajesh Khanna","9122334455","Demo Administrator","","admin"
"aa37d982-6d17-4240-9185-8b4ca77b0986","f6adcc05-114b-4053-9ee7-27cb8ace8cfa","8f7183cf-30c8-4277-ae75-e416bc156632","bdbca0df-3a39-444f-9e52-2487e046f021","Call","2026-03-30T11:04:19.987Z","51","Automated audit log for call interaction #80. Sentiment: Neutral.","Interested","2026-04-12T13:35:56.114Z","2026-04-12T13:35:56.114Z","","","","","","","","","Sikandar Bharti","9988776655","Demo Administrator","","admin"
"6bb96c7b-4eda-46e8-a162-697821aa37d8","f6adcc05-114b-4053-9ee7-27cb8ace8cfa","095cac57-e5d9-4ace-9db8-ca15e284e57a","bdbca0df-3a39-444f-9e52-2487e046f021","Call","2026-03-30T08:04:12.582Z","271","Automated audit log for call interaction #54. Sentiment: Positive.","Interested","2026-04-12T13:35:56.114Z","2026-04-12T13:35:56.114Z","","","","","","","","","Vikram Grover","9911445566","Demo Administrator","","admin"
"948472ca-09f1-433c-8278-e1e4ea57b9c9","f6adcc05-114b-4053-9ee7-27cb8ace8cfa","2be4956f-14bc-4db0-bffb-6fc709af4b91","bdbca0df-3a39-444f-9e52-2487e046f021","Call","2026-03-30T07:33:03.675Z","163","Automated audit log for call interaction #22. Sentiment: Concerned.","Interested","2026-04-12T13:35:56.114Z","2026-04-12T13:35:56.114Z","","","","","","","","","Rajesh Khanna","9122334455","Demo Administrator","","admin"
"8a93f497-2fce-4ea7-90ff-2e6bd8c165c5","f6adcc05-114b-4053-9ee7-27cb8ace8cfa","2be4956f-14bc-4db0-bffb-6fc709af4b91","bdbca0df-3a39-444f-9e52-2487e046f021","Call","2026-03-30T03:42:06.420Z","258","Automated audit log for call interaction #32. Sentiment: Negative.","Interested","2026-04-12T13:35:56.114Z","2026-04-12T13:35:56.114Z","","","","","","","","","Rajesh Khanna","9122334455","Demo Administrator","","admin"
"05a53902-47d2-4200-bf22-ab3e889940e4","f6adcc05-114b-4053-9ee7-27cb8ace8cfa","8f7183cf-30c8-4277-ae75-e416bc156632","bdbca0df-3a39-444f-9e52-2487e046f021","Call","2026-03-30T03:12:03.157Z","28","Automated audit log for call interaction #20. Sentiment: Negative.","Busy","2026-04-12T13:35:56.114Z","2026-04-12T13:35:56.114Z","","","","","","","","","Sikandar Bharti","9988776655","Demo Administrator","","admin"
"a9b15f08-a715-43ae-9d27-f1f866e3a8c5","f6adcc05-114b-4053-9ee7-27cb8ace8cfa","095cac57-e5d9-4ace-9db8-ca15e284e57a","bdbca0df-3a39-444f-9e52-2487e046f021","Call","2026-03-29T23:19:18.379Z","80","Automated audit log for call interaction #74. Sentiment: Concerned.","Interested","2026-04-12T13:35:56.114Z","2026-04-12T13:35:56.114Z","","","","","","","","","Vikram Grover","9911445566","Demo Administrator","","admin"
"d099338a-bb1d-4c28-ad67-62dd275e2f20","f6adcc05-114b-4053-9ee7-27cb8ace8cfa","8e3577f1-63ec-469d-ab8e-f703014b3229","bdbca0df-3a39-444f-9e52-2487e046f021","Call","2026-03-29T21:50:04.803Z","79","Automated audit log for call interaction #26. Sentiment: Neutral.","Callback Scheduled","2026-04-12T13:35:56.114Z","2026-04-12T13:35:56.114Z","","","","","","","","","Maya Singh","9811223344","Demo Administrator","","admin"